Aasim,Аасим,,BG1RUS-EET
Aasimar,аасимар,,sod_rus
Abbathor,Аббатор,,sod_rus
Abeir,Абейр,,BG1RUS-EET
Abela,Абела,,BG1RUS-EET
Abi-Dalzim's Horrid Wilting,Жуткое увядание Аби-Далзима,,BG1RUS-EET
Abishai,Абишай,,sod_rus
Abjuration,Отречение,,BG1RUS-EET
Abjurer,отрицатель,,BG1RUS-EET
Achen,Акен,,BG1RUS-EET
Adamantine,адамантин,,sod_rus
Adbar,Адбар,,BG1RUS-EET
Adirran,Адирран,,sod_rus
Adoy,Адой,,BG1RUS-EET
Adras,Адрас,,sod_rus
Aec'Letec,Аэк'Летек,,BG1RUS-EET
Aello,Аэлло,,BG1RUS-EET
Agannazar,Аганназар,,BG1RUS-EET
Agathor,Агатор,,sod_rus
Aglarond,Агларонд,,sod_rus
Agnasia,Агназия,,BG1RUS-EET
Ahdzekharrin,Ахдзекхаррин,,sod_rus
Ainordec,Айнордек,,BG1RUS-EET
Ajantis,Аджантис,,BG1RUS-EET
Akame,Акаме,,sod_rus
Akanna,Аканна,,sod_rus
Alachi,Алачи,,sod_rus
Alai,Алай,,BG1RUS-EET
Alathan,Алатан,,sod_rus
Alatos,Алатос,,BG1RUS-EET
Alaundo,Алаундо,,BG1RUS-EET
Albruin,Альбруин,,BG1RUS-EET
Aldeth,Алдет,,BG1RUS-EET
Alkullok,Алкуллок,,sod_rus
Allendale,Аллендейл,,BG1RUS-EET
Almur,Алмур,,sod_rus
Aloisa,Алоиса,,sod_rus
Alora,Алора,,BG1RUS-EET
Alorgoth,Алоргот,,BG1RUS-EET
Altru,Алтру,,BG1RUS-EET
Altru'ar,Алтру'ар,,BG1RUS-EET
Alturiak,Алтуриак,,BG1RUS-EET
Aluend,Алуэнд,,BG1RUS-EET
Aluenda,Алуэнда,,BG1RUS-EET
Aluendo,Алуэндо,,BG1RUS-EET
Alurlyath,Алурлиат,,BG1RUS-EET
Aluve,алувэ,,sod_rus
Alvanhendar,Алванхендар,,BG1RUS-EET
Alveus,Алвеус,,BG1RUS-EET
Alyth,Алит,,BG1RUS-EET
Amarande,Амаранд,,BG1RUS-EET
Amaunator,Амаунатор,,BG1RUS-EET
Ammon,Аммон,,sod_rus
Amn,Амн,,BG1RUS-EET
Anchev,Анчев,,BG1RUS-EET
Anchevsh,Анчев,,BG1RUS-EET
Anchorome,Анхором,,BG1RUS-EET
Andar,Андар,,BG1RUS-EET
Andarrson,Андаррсон,,BG1RUS-EET
Andarsson,Андарссон,,BG1RUS-EET
Andor,Андор,,BG1RUS-EET
Andout,Андоут,,BG1RUS-EET
Andris,Андрис,,BG1RUS-EET
Anji,Анжи,,sod_rus
Ankheg,анкег,,BG1RUS-EET
Anomen,Аномен,,BG1RUS-EET
Antichickenator,Антицыплятор,,BG1RUS-EET
Aoln,Аолн,,BG1RUS-EET
Arabellan,арабелское,,BG1RUS-EET
Arabelle,Арабелль,,BG1RUS-EET
Araya,Арая,,sod_rus
Arbinge,Арбинг,,sod_rus
Arcand,Арканд,,BG1RUS-EET
Archdruid,архидруид,,BG1RUS-EET
Archmage,архимаг,,sod_rus
Archmagi,архимаги,,BG1RUS-EET
Archon,Архон,,BG1RUS-EET
Ardenor,Арденор,,BG1RUS-EET
Ardrouine,Ардруин,,BG1RUS-EET
Areana,Ареана,,BG1RUS-EET
Argents,Аргенты,,sod_rus
Arghain,Аргайн,,BG1RUS-EET
Argrims,Аргримы,,BG1RUS-EET
Arhsstaff,Аркстаффа,,BG1RUS-EET
Arkanis,Арканис,,BG1RUS-EET
Arkhstaff,Аркstaфф,,BG1RUS-EET
Arkion,Аркион,,BG1RUS-EET
Arktash,Аркташ,,sod_rus
Arkushule,Аркушуль,,BG1RUS-EET
Arla,Арла,,BG1RUS-EET
Arlena,Арлена,,BG1RUS-EET
Arlin,Арлин,,BG1RUS-EET
Arlond,Арлонд,,BG1RUS-EET
Artipheon,Артифеон,,sod_rus
Arvandor,Арвандор,,BG1RUS-EET
Asery,Асери,,sod_rus
Ashabenford,Ашабенфорд,,BG1RUS-EET
Ashatiel,Ашатиэль,,sod_rus
Ashen,Ашен,,BG1RUS-EET
Ashideena,Ашидина,,BG1RUS-EET
Ashirukuru,Аширукуру,,BG1RUS-EET
Asith,Асит,,sod_rus
Atash,Аташ,,BG1RUS-EET
Athkatla,Аткатла,,BG1RUS-EET
Atlar,Атлар,,BG1RUS-EET
Atrantis,Атрантис,,sod_rus
Auchlin,Аучлин,,sod_rus
Audamar,Аудамар,,sod_rus
Audria,Аудриа,,sod_rus
Aule,Аул,,BG1RUS-EET
Aumarr,Аумарр,,sod_rus
Aun,Аун,,sod_rus
Auril,Аурил,,BG1RUS-EET
Autinn,Аутинн,,sod_rus
Auziel,Аузиэль,,sod_rus
Avernus,Авернус,,sod_rus
Axehand,Эксхенд,,BG1RUS-EET
Azothet,Азотет,,BG1RUS-EET
Azoun,Азун,,BG1RUS-EET
Azzek,Аззек,,sod_rus
Baalor,Баалор,,BG1RUS-EET
Baalzebul,Вельзевул,,sod_rus
Backstab,удар в спину,,BG1RUS-EET
Baeloth,Баэлот,,BG1RUS-EET
Baerin,Баэрин,,BG1RUS-EET
Bahamut,Бахамут,,BG1RUS-EET
Baldur,Балдур,,BG1RUS-EET
Baldur's Gate,Врата Балдура,,BG1RUS-EET
Balduran,Балдуран,,BG1RUS-EET
Baldurian,балдурский,,BG1RUS-EET
Balor,Балор,,BG1RUS-EET
Balquo,Балкво,,BG1RUS-EET
Balvin,Балвин,,sod_rus
Barachus,Баракус,,sod_rus
Baravar,Баравар,,sod_rus
Bardolan,Бардолан,,BG1RUS-EET
Bardyla,Бардила,,sod_rus
Baresh,Бареш,,BG1RUS-EET
Barghest,баргест,,sod_rus
Bargrivyek,Баргривьек,,BG1RUS-EET
Barkersdottir,Баркерсдоттир,,sod_rus
Barkskin,Кожа-кора,,BG1RUS-EET
Barrityl,Барритил,,BG1RUS-EET
Bartleby,Бартлби,,sod_rus
Basilisk,василиск,,BG1RUS-EET
Bassano,Бассано,,BG1RUS-EET
Bassilus,Бассилус,,BG1RUS-EET
Batalista,Баталиста,,BG1RUS-EET
Battledale,Баттлдейл,,BG1RUS-EET
Battuks,Баттукс,,sod_rus
Beastmaster,повелитель зверей,,BG1RUS-EET
Beholder,созерцатель,,BG1RUS-EET
Belben,Белбен,,sod_rus
Belde,Белде,,BG1RUS-EET
Beldin,Белдин,,BG1RUS-EET
Belegarm,Белегарм,,sod_rus
Belhifet,Белхифет,,sod_rus
Beljuril,Белджурил,,BG1RUS-EET
Bellowglym,Беллоуглим,,sod_rus
Bellowglyn,Беллоуглин,,BG1RUS-EET
Bellowgulp,Ревоглот,,BG1RUS-EET
Beluir,Белуир,,sod_rus
Bence,Бенс,,sod_rus
Bendalis,Бендалис,,BG1RUS-EET
Bengahd,Бенгад,,sod_rus
Benjy,Бенджи,,BG1RUS-EET
Beno,Бено,,sod_rus
Bentan,Бентан,,BG1RUS-EET
Bentha,Бента,,BG1RUS-EET
Berahli,Берахли,,sod_rus
Berden,Берден,,BG1RUS-EET
Berdusk,Бердуск,,BG1RUS-EET
Berduskan,бердусканский,,BG1RUS-EET
Beregost,Берегост,,BG1RUS-EET
Berrun,Беррун,,BG1RUS-EET
Berserker,Берсерк,,BG1RUS-EET
Beruel,Беруэль,,BG1RUS-EET
Beshaba,Бешаба,,BG1RUS-EET
Betror,Бетрор,,sod_rus
Betsie,Бетси,,BG1RUS-EET
Beyn,Беин,,BG1RUS-EET
Bhaal,Баал,,BG1RUS-EET
Bheren,Берен,,BG1RUS-EET
Bigby,Бигби,,BG1RUS-EET
Bilshire,Билшир,,BG1RUS-EET
Binkos,Бинкос,,BG1RUS-EET
Binky,Бинки,,BG1RUS-EET
Bjarn,Бьярн,,sod_rus
Bjornin,Бьорнин,,BG1RUS-EET
Blackblade,Чёрный Клинок,,BG1RUS-EET
Blackboot,Блекбут,,BG1RUS-EET
Blackfinger,Чернопалая,,sod_rus
Blackguard,чёрный страж,,BG1RUS-EET
Blackmane,Чёрные Гривы,,BG1RUS-EET
Blackstaff,Чёрный Посох,,BG1RUS-EET
Blacktalon,Чёрный Коготь,,BG1RUS-EET
Blacktalons,Чёрные Когти,,BG1RUS-EET
Blane,Блейн,,BG1RUS-EET
Blingdenstone,Блингденстоун,,sod_rus
Bloodstone,кровавик,,BG1RUS-EET
Bluebeard,Синяя Борода,,sod_rus
Bluefingers,Синеперстый,,BG1RUS-EET
Blugglugl,Благглагл,,sod_rus
Blushing Mermaid,Стыдливая Русалка,,BG1RUS-EET
Boareskyr,Боарескир,,sod_rus
Bodi,Боди,,BG1RUS-EET
Bolhur,Болхур,,BG1RUS-EET
Borda,Борда,,BG1RUS-EET
Borinole,Боринол,,BG1RUS-EET
Borland,Борланд,,BG1RUS-EET
Bort,Борт,,BG1RUS-EET
Boulon,Боулон,,BG1RUS-EET
Brage,Брейг,,BG1RUS-EET
Brandilar,Брандилар,,BG1RUS-EET
Brandobaris,Брандобарис,,BG1RUS-EET
Branwen,Бранвен,,BG1RUS-EET
Brassbreaker,Брасбрейкер,,sod_rus
Brathlen,Братлен,,BG1RUS-EET
Brendak,Брендак,,BG1RUS-EET
Bress,Бресс,,sod_rus
Brevin,Бревин,,BG1RUS-EET
Brevlik,Бревлик,,BG1RUS-EET
Bridgefort,Бриджфорт,,sod_rus
Briel,Бриель,,BG1RUS-EET
Brielbara,Бриельбара,,BG1RUS-EET
Brielle,Бриель,,sod_rus
BrightWalker,БрайтУокер,,BG1RUS-EET
Brilla,Брилла,,BG1RUS-EET
Britik,Бритик,,BG1RUS-EET
Bruenor,Бруенор,,sod_rus
Brunos,Брунос,,BG1RUS-EET
Buckler,баклер,,BG1RUS-EET
Bugbear,багбир,,sod_rus
Bullrush,Булраш,,BG1RUS-EET
Bunkhouse,Ночлежка,,BG1RUS-EET
Bunky,Бунки,,BG1RUS-EET
Bunsen,Бунсен,,BG1RUS-EET
Byzon,Байзон,,sod_rus
Cacofiend,Какодемон,,BG1RUS-EET
Cadderly,Каддерли,,BG1RUS-EET
Caedmon,Каэдмон,,BG1RUS-EET
Caelar,Каэлар,,sod_rus
Caeless,Каэлесс,,sod_rus
Cailan,Кайлан,,BG1RUS-EET
Calahan,Калахан,,BG1RUS-EET
Calantryn,Калантрин,,BG1RUS-EET
Caldo,Кальдо,,BG1RUS-EET
Calim,Калим,,sod_rus
Calimport,Калимпорт,,BG1RUS-EET
Calimshan,Калимшан,,BG1RUS-EET
Calimshite,калимшанский,,sod_rus
Calishite,калимшанец,,BG1RUS-EET
Cambion,Камбион,,BG1RUS-EET
Canderous,Кандероус,,BG1RUS-EET
Candlekeep,Кендлкип,,BG1RUS-EET
Canticle,Кантикл,,BG1RUS-EET
Carbos,Карбос,,BG1RUS-EET
Carline,Карлайн,,sod_rus
Carsa,Карса,,BG1RUS-EET
Carston,Карстон,,BG1RUS-EET
Cascadion,Каскадион,,BG1RUS-EET
Casson,Кассон,,BG1RUS-EET
Catanzaro,Катандзаро,,sod_rus
Cathiari,Катиари,,sod_rus
Cattack,Каттак,,BG1RUS-EET
Caturak,Катурак,,BG1RUS-EET
Cauternus,Каутернус,,BG1RUS-EET
Centeol,Сентеол,,BG1RUS-EET
Cespenar,Цеспенар,,BG1RUS-EET
Chanserv,Чансерв,,BG1RUS-EET
Chanter,Певчий,,BG1RUS-EET
Chanthalas,Чанталас,,BG1RUS-EET
Charra,Чарра,,sod_rus
Chauntea,Чонтия,,BG1RUS-EET
Chelak,Челак,,BG1RUS-EET
Chelan,Челан,,BG1RUS-EET
Ches,Чес,,BG1RUS-EET
Cheski,Чески,,sod_rus
Chesley,Чесли,,BG1RUS-EET
Chionthar,Чионтар,,BG1RUS-EET
Chondath,Чондат,,BG1RUS-EET
Chorster,Чорстер,,sod_rus
Chrysoberyl,хризоберилл,,BG1RUS-EET
Chult,Чульт,,BG1RUS-EET
Ciril,Сирил,,BG1RUS-EET
Cittern,цитра,,sod_rus
Clairvoyance,ясновидение,,BG1RUS-EET
Clangeddin,Клангеддин,,BG1RUS-EET
Claybelly,Клейбелли,,sod_rus
Cloakshadow,Плащ Теней,,sod_rus
Cloakwood,Клоаквуд,,BG1RUS-EET
Cloudkill,смертоносное облако,,BG1RUS-EET
Cloudpeaks,Облачные Вершины,,BG1RUS-EET
Cloudwulfe,Клаудвульф,,BG1RUS-EET
Cloverleaf,Лист Клевера,,sod_rus
Clovista,Кловиста,,sod_rus
Coastway,Прибрежный Путь,,BG1RUS-EET
Coldhearth,Колдхерт,,sod_rus
Colquetle,Колкветл,,BG1RUS-EET
Conal,Конал,,sod_rus
Concocter,Зельевар,,BG1RUS-EET
Conjuration,Вызывание,,BG1RUS-EET
Conjurer,Призыватель,,BG1RUS-EET
Connoly,Конноли,,BG1RUS-EET
Coran,Коран,,BG1RUS-EET
Cordyr,Кордир,,BG1RUS-EET
Corianna,Корианна,,BG1RUS-EET
Cormyr,Кормир,,BG1RUS-EET
Cormyrian,кормирец,,BG1RUS-EET
Cornugon,Корнугон,,sod_rus
Coroniir,Корониир,,sod_rus
Corsone,Корсон,,BG1RUS-EET
Corvyr,Корвир,,BG1RUS-EET
Corw,Корв,,sod_rus
Costak,Костак,,BG1RUS-EET
Crang,Кранг,,BG1RUS-EET
Credus,Кредус,,BG1RUS-EET
Crenshinibon,Креншинибон,,sod_rus
Crommus,Кроммус,,sod_rus
Cuchol,Кучол,,BG1RUS-EET
Cullin,Кулин,,BG1RUS-EET
Cuvieronius,Куверониус,,sod_rus
Cynosure,Синосура,,sod_rus
Cyr,Ци,,sod_rus
Cyrdemac,Сирдемак,,BG1RUS-EET
Cyric,Цирик,,BG1RUS-EET
Cyricists,цирикисты,,sod_rus
Cyrrollalee,Сирроллали,,BG1RUS-EET
Cythandria,Ситандрия,,BG1RUS-EET
Dabron,Даброн,,BG1RUS-EET
Daer'Ragh,Даэр'Раг,,BG1RUS-EET
Daeros,Даэрос,,sod_rus
Daese,Даэз,,BG1RUS-EET
Daggerford,Даггерфорд,,sod_rus
Daggerfordians,даггерфордцы,,sod_rus
Dahk,Дахк,,sod_rus
Daital,Дайтал,,BG1RUS-EET
Dallillia,Даллиллия,,BG1RUS-EET
Damarr,Дамарр,,sod_rus
Dambrath,Дамбрат,,BG1RUS-EET
Damius,Дамиус,,sod_rus
Dandal,Дандал,,BG1RUS-EET
Danine,Данайн,,sod_rus
Dannik,Данник,,sod_rus
Daran,Даран,,sod_rus
Dareeli,Дарили,,sod_rus
Dargon,Даргон,,sod_rus
Darkhold,Даркхолд,,BG1RUS-EET
Darkoozing,Даркузинг,,sod_rus
Darkwalk,Тенепроходец,,BG1RUS-EET
Darkwell,Тёмный Колодец,,BG1RUS-EET
Darnas,Дарнас,,sod_rus
Darskhelin,Дарскхелин,,sod_rus
Dason,Дасон,,BG1RUS-EET
Dath,Датх,,BG1RUS-EET
Dauston,Даустон,,sod_rus
Davaeorn,Даваэорн,,BG1RUS-EET
Dawnbringer,Зареносец,,sod_rus
Dawnspeaker,Говорящий с Зарёй,,sod_rus
Dazzo,Даззо,,sod_rus
De'Mallonblades,Де'Меллонблейды,,BG1RUS-EET
De'Tranion,Де'Транион,,BG1RUS-EET
DeVir,ДеВир,,sod_rus
Deagan,Деаган,,BG1RUS-EET
Deaner,Динер,,BG1RUS-EET
Deathbringer,Несущий Смерть,,BG1RUS-EET
Deathsong,Песнь смерти,,BG1RUS-EET
Deder,Дедер,,BG1RUS-EET
Deepvein,Дипвейн,,sod_rus
Deepwinter,середина зимы,,sod_rus
Degrodel,Дегродел,,BG1RUS-EET
Deheriana,Дехериана,,BG1RUS-EET
Deke,Дек,,BG1RUS-EET
Delainy,Делайни,,BG1RUS-EET
Delenda,Деленда,,sod_rus
Delgar,Делгар,,sod_rus
Delgod,Делгод,,BG1RUS-EET
Delimbiyr,Делимбийр,,sod_rus
Delorna,Делорна,,BG1RUS-EET
Delsvirftanyon,Делсвирфтанион,,BG1RUS-EET
Delthyr,Делтир,,BG1RUS-EET
Delton,Делтон,,sod_rus
Demilich,демилич,,BG1RUS-EET
Denak,Денак,,BG1RUS-EET
Deneir,Денейр,,BG1RUS-EET
Deneld,Денелд,,sod_rus
Denkod,Денкод,,BG1RUS-EET
Dernegone,Дернегон,,BG1RUS-EET
Dervish,дервиш,,sod_rus
Desreta,Дезрета,,BG1RUS-EET
Destus,Дестус,,BG1RUS-EET
Deyghul,Дейгул,,sod_rus
Dezkiel,Дезкил,,BG1RUS-EET
Dhanial,Даниаль,,BG1RUS-EET
Diarmid,Диармид,,BG1RUS-EET
Digdeep,Дигдип,,sod_rus
Dilak,Дилак,,BG1RUS-EET
Dilben,Дилбен,,BG1RUS-EET
Dilby,Дилби,,BG1RUS-EET
Dillar,Дилларом,,BG1RUS-EET
Dilos,Дилос,,BG1RUS-EET
Dimwit,Простофиля,,BG1RUS-EET
Dinguer,Дингуэр,,BG1RUS-EET
Dinklemus,Динклемус,,BG1RUS-EET
Diopside,диопсид,,BG1RUS-EET
Dirla,Дирла,,sod_rus
Dispater,Диспатер,,sod_rus
Displasius,Дисплазиус,,BG1RUS-EET
Diviner,прорицатель,,BG1RUS-EET
Diyab,Дийяб,,BG1RUS-EET
Djinni,джинни,,BG1RUS-EET
Do'Urden,До'Урден,,BG1RUS-EET
Dolced,Долсед,,BG1RUS-EET
Doomsayer,глашатай судьбы,,BG1RUS-EET
Doppelganger,доппельгангер,,BG1RUS-EET
Dorotea,Доротея,,BG1RUS-EET
Dorwin,Дорвин,,sod_rus
Dosan,Досан,,BG1RUS-EET
Dosia,Дося,,sod_rus
Dosst,досст,,sod_rus
Dradeel,Драдил,,BG1RUS-EET
Dragonbane,Драконья Погибель,,BG1RUS-EET
Dragonslayer,Истребитель Драконов,,BG1RUS-EET
Dragonspear,Драконье Копьё,,sod_rus
Drakar,Дракар,,BG1RUS-EET
Drakon,Дракон,,BG1RUS-EET
Drasus,Драсус,,BG1RUS-EET
Drelik,Дрелик,,BG1RUS-EET
Dreon,Дреон,,sod_rus
Dreppin,Дреппин,,BG1RUS-EET
Dribben,Дриббен,,BG1RUS-EET
Drider,драйдер,,sod_rus
Drienne,Дриенн,,BG1RUS-EET
Drin,Дрин,,BG1RUS-EET
Drizzt,Дриззт,,BG1RUS-EET
Drooldribbler,Друлдриблер,,sod_rus
Droth,Дрот,,BG1RUS-EET
Drow,дроу,,BG1RUS-EET
Drusus,Друсус,,BG1RUS-EET
Dryad,дриада,,BG1RUS-EET
Ducal Palace,Дворец Герцогов,,BG1RUS-EET
Duergar,дуэргар,,BG1RUS-EET
Dugdeep,Дагдип,,sod_rus
Dugraff,Даграфф,,sod_rus
Duin,Дуин,,sod_rus
Dumathoin,Думатоин,,sod_rus
Dumok,Думок,,sod_rus
Durlag,Дурлаг,,BG1RUS-EET
Durlass,Дурласс,,BG1RUS-EET
Durlyle,Дурлил,,BG1RUS-EET
Durpar,Дурпар,,BG1RUS-EET
Dushai,Душай,,BG1RUS-EET
Dushwick,Душвик,,sod_rus
Dwarven,дварфский,,BG1RUS-EET
Dweomer,Двеомер,,BG1RUS-EET
Dynaheir,Динахейр,,BG1RUS-EET
Eadro,Эадро,,sod_rus
Earthmother,Мать-Земля,,BG1RUS-EET
Echtah,Эктах,,BG1RUS-EET
Eddard,Эддард,,BG1RUS-EET
Edventar,Эдвентарь,,BG1RUS-EET
Effy,Эффи,,sod_rus
Efreeti,ифрит,,BG1RUS-EET
Efreetum,Ифритум,,BG1RUS-EET
Egons,Эгоны,,sod_rus
Eilistraee,Эйлистраи,,BG1RUS-EET
Ekandor,Экандор,,BG1RUS-EET
Elander,Эландер,,BG1RUS-EET
Elandro,Эландро,,sod_rus
Elban,Эльбан,,BG1RUS-EET
Eldoth,Элдот,,BG1RUS-EET
Eldric,Элдрик,,sod_rus
Eleasias,Элизис,,BG1RUS-EET
Eleint,Элейнт,,BG1RUS-EET
Elemental,элементаль,,sod_rus
Elendara,Элендара,,BG1RUS-EET
Elfsong,Эльфийская Песня,,BG1RUS-EET
Elkart,Элкарт,,BG1RUS-EET
Ellesime,Эллесим,,BG1RUS-EET
Elma,Эльма,,BG1RUS-EET
Elminster,Элминстер,,BG1RUS-EET
Elnaedra,Эльнаэдра,,BG1RUS-EET
Eltan,Эльтан,,BG1RUS-EET
Eltor,Элтор,,BG1RUS-EET
Elvaius,Эльваиус,,sod_rus
Elvenhair,Эльфоподобный,,BG1RUS-EET
Elyse,Элис,,BG1RUS-EET
Emesi,Эмеси,,sod_rus
Enchanter,чародей,,BG1RUS-EET
Engles,Энгльс,,BG1RUS-EET
Enith,Энит,,BG1RUS-EET
Enna,Энна,,BG1RUS-EET
Ensler,Энслер,,sod_rus
Entar,Энтар,,BG1RUS-EET
Entillis,Энтиллис,,BG1RUS-EET
Ephrik,Эфрик,,sod_rus
Equus,Экус,,sod_rus
Erdane,Эрдан,,BG1RUS-EET
Erim,Эрим,,BG1RUS-EET
Erinyes,Эринии,,sod_rus
Erlin,Эрлин,,BG1RUS-EET
Espejo,Эспеджо,,BG1RUS-EET
Esserin,Эссерин,,sod_rus
Estagund,Эстагунд,,BG1RUS-EET
Estebarre,Эстебарр,,sod_rus
Ettercap,эттеркап,,BG1RUS-EET
Ettin,эттин,,sod_rus
Euric,Эврик,,BG1RUS-EET
Evald,Эвальд,,sod_rus
Evalt,Эвальт,,BG1RUS-EET
Evereska,Эвереска,,BG1RUS-EET
Everlight,Вечная Лампа,,BG1RUS-EET
Evermead,эвермитский мёд,,BG1RUS-EET
Evermeet,Эвермит,,BG1RUS-EET
Everwatch,Вечный Дозор,,sod_rus
Extremis,Экстремис,,BG1RUS-EET
Exzeus,Экзевс,,sod_rus
Faerun,Фаэрун,,BG1RUS-EET
Fafhrd,Фафхрд,,BG1RUS-EET
Fahrington,Фахрингтон,,BG1RUS-EET
Faizah,Файзах,,BG1RUS-EET
Falchion,фальшион,,sod_rus
Faldorn,Фалдорн,,BG1RUS-EET
Fallorain,Фаллорайн,,BG1RUS-EET
Faltis,Фалтис,,BG1RUS-EET
Famari,Фамари,,sod_rus
Familiar,приживала,,BG1RUS-EET
Fanegonorom,Фэйнгонором,,sod_rus
Faragrim,Фарагрим,,sod_rus
Fargl,Фаргл,,sod_rus
Farluck,Фарлук,,BG1RUS-EET
Farrl,Фаррл,,sod_rus
Farseer,Дальнозор,,BG1RUS-EET
Farsight,предвидение,,BG1RUS-EET
Faughley,Фогли,,sod_rus
Faurun,Фаэрун,,BG1RUS-EET
Feelie,Фили,,BG1RUS-EET
Feldane,Фелдан,,BG1RUS-EET
Feldepost,Фельдепост,,BG1RUS-EET
Feldernath,Фелдернат,,BG1RUS-EET
Feldurkin,Фельдуркин,,sod_rus
Fellik,Феллик,,sod_rus
Felonius,Фелониус,,BG1RUS-EET
Fenrus,Фенрус,,BG1RUS-EET
Fenster,Фенстер,,sod_rus
Fenten,Фентен,,BG1RUS-EET
Ferendale,Ферендал,,BG1RUS-EET
Ferrusk,Ферруск,,sod_rus
Festhall,Фестхолл,,BG1RUS-EET
Feyr,фейр,,sod_rus
Filacturry,филактерия,,sod_rus
Finkle,Финкл,,BG1RUS-EET
Firebead,Фаербид,,BG1RUS-EET
Firehair,Огневласая,,BG1RUS-EET
Firewine,Фаервайн,,BG1RUS-EET
Flamerule,Флеймрул,,BG1RUS-EET
Flaming Fist,Пламенный Кулак,,BG1RUS-EET
Fleshripper,Разрывающий плоть,,sod_rus
Flind,флинд,,BG1RUS-EET
Flindkiller,Убийца Флиндов,,BG1RUS-EET
Flintborn,Флинтборн,,sod_rus
Floogar,Флугар,,sod_rus
Foehammer,Сокрушитель Врагов,,BG1RUS-EET
Foolio,Фулио,,BG1RUS-EET
Foolios,Фулио,,BG1RUS-EET
Forthel,Фортель,,BG1RUS-EET
Fouleye,Фаулай,,sod_rus
Foxleigh,Фоксли,,sod_rus
Frair,Фрейр,,sod_rus
Frixis,Фриксис,,sod_rus
Fuerlag,Фурлаг,,BG1RUS-EET
Fuernebol,Фурнебол,,BG1RUS-EET
Fuiruim,Фуйруим,,BG1RUS-EET
Fulsom,Фулсом,,BG1RUS-EET
Furlwing,Связанокрылая,,BG1RUS-EET
Furnelaine,Фурнелайн,,BG1RUS-EET
Furnellbol,Фурнеллбол,,BG1RUS-EET
Furret,Фуррет,,BG1RUS-EET
Galad,Галад,,sod_rus
Galahynne,Галахинн,,BG1RUS-EET
Galan,Галан,,BG1RUS-EET
Galdor,Галдор,,BG1RUS-EET
Galileus,Галилеус,,BG1RUS-EET
Galken,Галкен,,BG1RUS-EET
Gallchobhair,Галлчобхейр,,BG1RUS-EET
Gallor,Галлор,,BG1RUS-EET
Gallus,Галлус,,BG1RUS-EET
Galteran,Гальтеран,,BG1RUS-EET
Galtok,Галток,,BG1RUS-EET
Gamaz,Гамаз,,BG1RUS-EET
Gandolar,Гандолар,,BG1RUS-EET
Gantolandan,Гантоландан,,BG1RUS-EET
Garachen,Гарачен,,sod_rus
Garagos,Гарагос,,sod_rus
Garan,Гаран,,BG1RUS-EET
Garaq,Гарак,,BG1RUS-EET
Garclax,Гарклакс,,BG1RUS-EET
Gardnerson,Гарднерсон,,sod_rus
Gardnersonson,Гарднерсонсон,,sod_rus
Gardush,Гардуш,,BG1RUS-EET
Garl,Гарл,,BG1RUS-EET
Garou,Гару,,BG1RUS-EET
Garrold,Гаррольд,,sod_rus
Garrus,Гаррус,,sod_rus
Garst,Гарст,,BG1RUS-EET
Gatewarden,Смотритель Врат,,BG1RUS-EET
Gath,Гат,,sod_rus
Gauth,гаут,,sod_rus
Gazib,Газиб,,BG1RUS-EET
Geddarm,Геддарм,,BG1RUS-EET
Gellana,Геллана,,BG1RUS-EET
Geltik,Гелтик,,BG1RUS-EET
Gemblade,Самоцветное лезвие,,sod_rus
Genthore,Гентор,,BG1RUS-EET
Gentrus,Гентрус,,sod_rus
Gerde,Герд,,BG1RUS-EET
Gervisse,Гервисс,,BG1RUS-EET
Ghast,вурдалак,,BG1RUS-EET
Ghastkill,Гасткилл,,BG1RUS-EET
Ghel,Гел,,sod_rus
Gheldehar,Гелдехар,,BG1RUS-EET
Ghlouralk,Глоуралк,,BG1RUS-EET
Ghorak,Горак,,BG1RUS-EET
Ghostdreamers,Призрачные сновидцы,,sod_rus
Ghostrant,Гострант,,sod_rus
Giantkiller,Убийца Великанов,,BG1RUS-EET
Gibberling,гибберлинг,,BG1RUS-EET
Giddial,Гиддиал,,sod_rus
Gisella,Гизелла,,BG1RUS-EET
Glabrezu,Глабрезу,,BG1RUS-EET
Glanmarie,Гланмари,,BG1RUS-EET
Glarghl,Гларгхл,,sod_rus
Glayde,Глайд,,BG1RUS-EET
Glittergold,Глиттерголд,,BG1RUS-EET
Gnarg,Гнарг,,sod_rus
Gnarl,Гнарл,,BG1RUS-EET
Gnoll,гнолл,,BG1RUS-EET
Godsbane,Погибель Богов,,sod_rus
Goldbuckler,Златощит,,sod_rus
Golin,Голин,,BG1RUS-EET
Golodon,Голодон,,BG1RUS-EET
Golt,Голт,,sod_rus
Gond,Гонд,,BG1RUS-EET
Gondegal,Гондегал,,BG1RUS-EET
Goodtree,Гудтри,,sod_rus
Gorch,Горч,,BG1RUS-EET
Gord,Горд,,BG1RUS-EET
Gorf,Горф,,BG1RUS-EET
Gorion,Горайон,,BG1RUS-EET
Gorm,Горм,,BG1RUS-EET
Gorpel,Горпел,,BG1RUS-EET
Gothoz,Ур-Готоз,,BG1RUS-EET
Grael,Граэль,,BG1RUS-EET
Gramorn,Граморн,,sod_rus
Grampop,Грэмпоп,,sod_rus
Granz,Гранц,,sod_rus
Greatgas,Грейтгас,,sod_rus
Greenstone,зеленчак,,BG1RUS-EET
Grenthal,Грентал,,BG1RUS-EET
Gretek,Гретек,,BG1RUS-EET
Greycart,Грейкарт,,BG1RUS-EET
Greycloak,Серый Плащ,,BG1RUS-EET
Greywolf,Грейвульф,,BG1RUS-EET
Griel,Грил,,BG1RUS-EET
Grimgor,Гримгор,,sod_rus
Grubdoubler,Грубдублер,,sod_rus
Gruumsh,Груумш,,sod_rus
Gullykin,Галликин,,BG1RUS-EET
Gurgle,Гургл,,sod_rus
Gurke,Гурке,,BG1RUS-EET
Gurn,Гурн,,BG1RUS-EET
Gwist,Гвист,,BG1RUS-EET
Gyllian,Гиллиан,,BG1RUS-EET
H'Catha,Х'Ката,,sod_rus
Hackum,Хакум,,BG1RUS-EET
Haela,Хаэла,,sod_rus
Hairtooth,Шерстезубый,,BG1RUS-EET
Haither,Хейтер,,sod_rus
Hakeashar,хейкашар,,BG1RUS-EET
Hakt,Хакт,,BG1RUS-EET
Halacan,Халакан,,BG1RUS-EET
Halasan,Халасан,,sod_rus
Halatathlaer,Халатафлаер,,sod_rus
Halath,Халат,,sod_rus
Halbazzer,Халбаззер,,BG1RUS-EET
Halfling,полурослик,,BG1RUS-EET
Halimstad,Халимстад,,BG1RUS-EET
Hallucinator,Галлюцинатор,,sod_rus
Halruaa,Халруаа,,BG1RUS-EET
Halruaan,халруаанский,,BG1RUS-EET
Halruaans,халруаанцы,,BG1RUS-EET
Halruua,Халруаа,,BG1RUS-EET
Hamadryad,гамадриада,,BG1RUS-EET
Hamatula,Хаматула,,sod_rus
Hammerlust,Хаммерласт,,sod_rus
Hando,Хандо,,sod_rus
Hareishan,Харейшан,,BG1RUS-EET
Harridan,Карга,,sod_rus
Harrower,Отсекатель,,BG1RUS-EET
Harth,Харт,,sod_rus
Harwilliger,Харвиллигер,,BG1RUS-EET
Haseo,Хасео,,BG1RUS-EET
Haspur,Хаспур,,BG1RUS-EET
Hastenback,Хастенбек,,BG1RUS-EET
Hastus,Хастус,,sod_rus
Heartlands,Срединные Земли,,BG1RUS-EET
Hecito,Хесито,,BG1RUS-EET
Helshara,Хельшара,,BG1RUS-EET
Helvdar,Хельвдар,,sod_rus
Hemma,Хемма,,BG1RUS-EET
Henrette,Хенретт,,BG1RUS-EET
Hensleigh,Хенсли,,sod_rus
Hentold,Хентольд,,BG1RUS-EET
Hepher,Хефер,,sod_rus
Hephernaan,Хефернаан,,sod_rus
Hephis,Хефис,,BG1RUS-EET
Herdrin,Хердрин,,sod_rus
Hiekt,Хиект,,BG1RUS-EET
Higharvestide,Праздник Урожая,,BG1RUS-EET
Highhammer,Хайхаммер,,sod_rus
Hillcarver,Хиллкарвер,,sod_rus
Hoach,Хоач,,sod_rus
Hobgoblin,хобгоблин,,BG1RUS-EET
Hogarl,Хогарл,,BG1RUS-EET
Honglath,Хонглат,,sod_rus
Hormorn,Хорморн,,sod_rus
Hulrik,Хулрик,,BG1RUS-EET
Hurgan,Хурган,,BG1RUS-EET
Husam,Хусам,,BG1RUS-EET
Hyreth,Хирет,,sod_rus
Iblith,иблит,,BG1RUS-EET
Icewind Dale,Долина Ледяного Ветра,,BG1RUS-EET
Icharyd,Ичарид,,BG1RUS-EET
Icingdeath,Леденящая Смерть,,BG1RUS-EET
Idianeali,Идианеали,,sod_rus
Idianeelix,Идианиликс,,sod_rus
Idianori,Идианори,,sod_rus
Idyletia,Идилетия,,sod_rus
Ignatio,Игнатио,,BG1RUS-EET
Ikros,Икрос,,sod_rus
Illaruel,Илларуэль,,sod_rus
Illithid,иллитид,,BG1RUS-EET
Ilmater,Ильматер,,BG1RUS-EET
Ilvarstarr,Ильвастарр,,sod_rus
Ilvastarr,Ильвастарр,,BG1RUS-EET
Immartyred,Иммартиред,,sod_rus
Imoen,Имоен,,BG1RUS-EET
Infravision,инфравидение,,BG1RUS-EET
Ingot,Ингот,,BG1RUS-EET
Innisfall,Иннисфолл,,sod_rus
Invoker,воплотитель,,BG1RUS-EET
Ioin,Йоин,,BG1RUS-EET
Iolite,Иолит,,BG1RUS-EET
Ioun,Иоун,,BG1RUS-EET
Irenicus,Айреникус,,BG1RUS-EET
Iriaebor,Ириэбор,,BG1RUS-EET
Iriaeboran,ириэборский,,BG1RUS-EET
Irlentree,Ирлентри,,BG1RUS-EET
Iron Throne,Железный Трон,,BG1RUS-EET
Irregulars,Нерегулярники,,sod_rus
Ishmella,Ишмелла,,BG1RUS-EET
Ishnael,Ишнаэль,,BG1RUS-EET
Islanne,Исланн,,BG1RUS-EET
Ithmeera,Итмира,,BG1RUS-EET
Ithtaerus,Иттериус,,sod_rus
Ithtyl,Иттил,,BG1RUS-EET
Ivann,Иванн,,sod_rus
Ivanne,Иванне,,BG1RUS-EET
Izefia,Изефия,,BG1RUS-EET
Jacil,Джасил,,BG1RUS-EET
Jaheira,Джахейра,,BG1RUS-EET
Jalantha,Джаланта,,BG1RUS-EET
Jalbyr,Джалбир,,sod_rus
Jambiya,Джамбия,,sod_rus
Jamven,Джамвен,,sod_rus
Jannath,Джаннат,,BG1RUS-EET
Jardak,Джардак,,BG1RUS-EET
Jase,Джас,,BG1RUS-EET
Jased,Джасед,,BG1RUS-EET
Jayvis,Джейвис,,sod_rus
Jebadoh,Джебадо,,BG1RUS-EET
Jegg,Джегг,,sod_rus
Jemby,Джемби,,BG1RUS-EET
Jenkal,Дженкал,,BG1RUS-EET
Jessa,Джесса,,BG1RUS-EET
Jeth,Джет,,sod_rus
Jhan,Ян,,sod_rus
Jhasso,Джассо,,BG1RUS-EET
Joia,Джойя,,BG1RUS-EET
Joldenan,Жолденан,,BG1RUS-EET
Jonavin,Джонавин,,BG1RUS-EET
Jondal,Джондал,,BG1RUS-EET
Jondalar,Джондалар,,BG1RUS-EET
Joolon,Джулон,,BG1RUS-EET
Jopalin,Джопалин,,BG1RUS-EET
Jopi,Джопи,,BG1RUS-EET
Jorin,Джорин,,BG1RUS-EET
Joruri,Жорари,,sod_rus
Jospil,Джоспил,,BG1RUS-EET
Jossain,Джоссайн,,sod_rus
Joular,Джоулар,,BG1RUS-EET
Julann,Джуланн,,sod_rus
Junia,Джуния,,sod_rus
Jussen,Юссен,,sod_rus
Kadina,Кадина,,BG1RUS-EET
Kaelet,Каэлет,,sod_rus
Kaella,Каэлла,,BG1RUS-EET
Kag,Каг,,sod_rus
Kagain,Кагайн,,BG1RUS-EET
Kahrk,Карк,,BG1RUS-EET
Kaishas,Кайшас,,BG1RUS-EET
Kaitlin,Кейтлин,,BG1RUS-EET
Kaldran,Калдран,,BG1RUS-EET
Kalen,Кален,,BG1RUS-EET
Kalessia,Калессия,,BG1RUS-EET
Kanaglym,Канаглим,,sod_rus
Kapow,Капу,,sod_rus
Karajah,Караджа,,BG1RUS-EET
Karlat,Карлат,,BG1RUS-EET
Karnass,Карнасс,,sod_rus
Karoug,Каруг,,BG1RUS-EET
Karsus,Карсус,,sod_rus
Katheera,Катира,,sod_rus
Kava,Кава,,sod_rus
Kayler,Каэлар,,sod_rus
Kazgaroth,Казгарот,,BG1RUS-EET
Kazzrem,Каззрем,,sod_rus
Keelor,Килор,,BG1RUS-EET
Keexie,Кикси,,BG1RUS-EET
Kegleg,Кеглег,,sod_rus
Keherrem,Кехерем,,sod_rus
Kelddath,Келддат,,BG1RUS-EET
Kelef,Келеф,,sod_rus
Kelemvor,Келемвор,,sod_rus
Kellard,Келлард,,sod_rus
Kennair,Кеннайр,,BG1RUS-EET
Kensai,кенсай,,BG1RUS-EET
Kereph,Кереф,,BG1RUS-EET
Kerra,Керра,,sod_rus
Kerrachus,Керрачус,,BG1RUS-EET
Kesheel,Кешил,,BG1RUS-EET
Kestor,Кестор,,BG1RUS-EET
Khaless,Кхалесс,,BG1RUS-EET
Kharm,Харм,,sod_rus
Khelben,Хелбен,,BG1RUS-EET
Kherriun,Керриун,,sod_rus
Khiin,Кхиин,,sod_rus
Khosann,Кхосанн,,BG1RUS-EET
Kiella,Киэлла,,BG1RUS-EET
Kieres,Киерес,,BG1RUS-EET
Kif,Киф,,BG1RUS-EET
Kimble,Кимбл,,sod_rus
Kindt,Киндт,,sod_rus
Kirian,Кириан,,BG1RUS-EET
Kirinhale,Киринхал,,BG1RUS-EET
Kissiq,Киссик,,BG1RUS-EET
Kitthix,Киттикс,,BG1RUS-EET
Kivan,Киван,,BG1RUS-EET
Kjarvan,Кьярван,,sod_rus
Kneecapper,Подсекатель,,BG1RUS-EET
Kobold,кобольд,,BG1RUS-EET
Kolssed,Колссед,,BG1RUS-EET
Kolvar,Колвар,,BG1RUS-EET
Kondar,Кондар,,BG1RUS-EET
Korax,Коракс,,BG1RUS-EET
Korlasz,Корлаз,,sod_rus
Kove,Кове,,BG1RUS-EET
Koveras,Коверас,,BG1RUS-EET
Kozah,Козах,,BG1RUS-EET
Kraken,кракен,,BG1RUS-EET
Krammach,Краммач,,BG1RUS-EET
Krancor,Кранкор,,BG1RUS-EET
Krellus,Креллус,,sod_rus
Krie,Кри,,BG1RUS-EET
Krield,Крилд,,BG1RUS-EET
Kron,Крон,,BG1RUS-EET
Krotan,Кротан,,BG1RUS-EET
Krumm,Крумм,,BG1RUS-EET
Kruntur,Крунтур,,sod_rus
Kryla,Крила,,BG1RUS-EET
Kryll,Крилл,,BG1RUS-EET
Kryn,Крин,,sod_rus
Krystin,Кристин,,BG1RUS-EET
Kylee,Кили,,BG1RUS-EET
Kyrill,Кирилл,,sod_rus
Kysus,Кисус,,BG1RUS-EET
Kythorn,Киторн,,BG1RUS-EET
Lachluger,Лахлюгер,,BG1RUS-EET
Lachom,Лахом,,BG1RUS-EET
Laduguer,Ладугвер,,BG1RUS-EET
Laeral,Лаэрали,,BG1RUS-EET
Laerta,Лаэрта,,BG1RUS-EET
Lahl,Лахл,,BG1RUS-EET
Lakadaar,Лакадаар,,BG1RUS-EET
Lamalha,Ламала,,BG1RUS-EET
Lanceboard,Ленсборд,,sod_rus
Lancie,Ленси,,sod_rus
Landrin,Ландрин,,BG1RUS-EET
Lannac,Ланнак,,sod_rus
Lantan,Лантан,,BG1RUS-EET
Lantanara,Лантанара,,BG1RUS-EET
Lantanese,Лантанская,,sod_rus
Laola,Лаола,,BG1RUS-EET
Larloch,Ларлох,,BG1RUS-EET
Larnos,Ларнос,,BG1RUS-EET
Larriaz,Ларриаз,,BG1RUS-EET
Larswood,Ларсвуд,,BG1RUS-EET
Laryssa,Ларисса,,BG1RUS-EET
Larze,Ларз,,BG1RUS-EET
Lasala,Ласала,,BG1RUS-EET
Laskal,Ласкал,,BG1RUS-EET
Lathander,Латандер,,BG1RUS-EET
Lebass,Лебасс,,sod_rus
Leira,Лейра,,BG1RUS-EET
Lemure,лемур,,sod_rus
Lendarn,Лендарн,,BG1RUS-EET
Leopas,Леопас,,sod_rus
Lestor,Лестор,,BG1RUS-EET
Letec,Летек,,BG1RUS-EET
Lexa,Лекса,,sod_rus
Liann,Лианн,,sod_rus
Lihp,Лихп,,BG1RUS-EET
Liia,Лийя,,BG1RUS-EET
Lindin,Линдин,,BG1RUS-EET
Litla,Литла,,sod_rus
Littleclub,Литлклаб,,sod_rus
Littlelog,Литлог,,BG1RUS-EET
Littleman,Коротышка,,BG1RUS-EET
Llindellyn,Ллинделлин,,BG1RUS-EET
Lluis,Ллуис,,sod_rus
Llyrk,Ллирк,,BG1RUS-EET
Lobar,Лобар,,BG1RUS-EET
Lodefinder,Лодефиндер,,sod_rus
Lolth,Лолт,,BG1RUS-EET
Longbrow,Длиннобровый,,BG1RUS-EET
Longtooth,Зубоскал,,BG1RUS-EET
Lothander,Лотандер,,BG1RUS-EET
Lothtyran,Лоттиран,,BG1RUS-EET
Loup Garou,Луп Гару,,BG1RUS-EET
Loviatar,Ловиатар,,sod_rus
Loxley,Локсли,,sod_rus
Lucilla,Люцилла,,sod_rus
Luckmaiden,Дева Удачи,,sod_rus
Luckyfoot,Лакифут,,BG1RUS-EET
Ludrug,Лудруг,,BG1RUS-EET
Lugg,Лаг,,sod_rus
Luiren,Луирен,,BG1RUS-EET
Lushelyn,Лусселин,,BG1RUS-EET
Luskan,Лускан,,BG1RUS-EET
Lusselyn,Лусселин,,BG1RUS-EET
Lycanthropy,ликантропия,,BG1RUS-EET
Lynos,Линос,,sod_rus
Madele,Мадли,,NP:sod_rus
Maglubiyet,Маглубиет,,NP:sod_rus
Magreb,Магреб,,BG1RUS-EET
Magubliyet,Магублиет,,NP:sod_rus
Maka,Мака,,BG1RUS-EET
Maladomini,Маладомини,,NP:sod_rus
Malar,Малар,,BG1RUS-EET
Malcanter,Малкантер,,NP:sod_rus
Malicia,Малиция,,BG1RUS-EET
Malkax,Малкакс,,BG1RUS-EET
Maltz,Мальц,,BG1RUS-EET
Mammon,Маммон,,NP:sod_rus
Maneira,Манейра,,BG1RUS-EET
Maralee,Марали,,BG1RUS-EET
Margl,Маргл,,NP:sod_rus
Marilith,марилит,,BG1RUS-EET
Marnard,Марнард,,NP:sod_rus
Marpenoth,Марпенот,,BG1RUS-EET
Marsember,Марсемберский,,NP:sod_rus
Marthammor,Мартаммор,,NP:sod_rus
Marthur,Мартур,,BG1RUS-EET
Mattroun,Мэттроун,,NP:sod_rus
Mauletar,Молетар,,BG1RUS-EET
Mayhap,Пусть,,NP:sod_rus
Maztica,Мазтика,,BG1RUS-EET
Maztican,мазтиканский,,NP:sod_rus
McAverstein,МакАверстейн,,BG1RUS-EET
Mcxii,Том XII,,NP:sod_rus
Meakin,Меакин,,BG1RUS-EET
Mechezarin,Мечезарин,,BG1RUS-EET
Meddler,Умник,,NP:sod_rus
Megge,Мегге,,NP:sod_rus
Meiala,Мейала,,BG1RUS-EET
Meilum,Мейлум,,BG1RUS-EET
Meklin,Меклин,,BG1RUS-EET
Melf,Мелф,,BG1RUS-EET
Melicamp,Меликамп,,BG1RUS-EET
Mendas,Мендас,,BG1RUS-EET
Menhir,Менгир,,NP:sod_rus
Menhirs,менгиры,,NP:sod_rus
Menzoberranzan,Мензоберранзан,,BG1RUS-EET
Mephit,мефит,,BG1RUS-EET
Merome,Мером,,NP:sod_rus
Meryll,Мерилл,,BG1RUS-EET
Methild,Метилда,,NP:sod_rus
Meym,Мейм,,BG1RUS-EET
Mielder,Милдер,,BG1RUS-EET
Milil,Милиль,,NP:sod_rus
Minauros,Минаурос,,NP:sod_rus
Mind Flayer,Пожиратель разума,,BG1RUS-EET
Minsc,Минск,,BG1RUS-EET
Mirabar,Мирабар,,NP:sod_rus
Mirianne,Мирианн,,BG1RUS-EET
Mirrorshades,Мирроршейды,,BG1RUS-EET
Mirtul,Миртул,,BG1RUS-EET
Mistmyr,Мистмир,,BG1RUS-EET
Mistshadow,Туманная Тень,,BG1RUS-EET
Mithral,мифриловый,,BG1RUS-EET
Miyar,Мийяр,,BG1RUS-EET
Mizhena,Мижена,,NP:sod_rus
Mmph,Ме,,NP:sod_rus
Modron,Модрон,,NP:sod_rus
Mohad,Мохад,,NP:sod_rus
Molkar,Молкар,,BG1RUS-EET
Montaron,Монтарон,,BG1RUS-EET
Montgomer,Монтгомера,,NP:sod_rus
Moonbar,Лунный луч,,BG1RUS-EET
Moonblade,Лунный клинок,,BG1RUS-EET
Moonmaiden,Лунная Дева,,BG1RUS-EET
Moonsea,Лунное Море,,BG1RUS-EET
Moonshae,Муншаи,,BG1RUS-EET
Moorlock,Мурлок,,BG1RUS-EET
Moradin,Морадин,,BG1RUS-EET
Mordaine,Мордайн,,BG1RUS-EET
Mordaus,Мордаус,,NP:sod_rus
Mordenkainen,Морденкайнен,,BG1RUS-EET
Morentherene,Морентферен,,NP:sod_rus
Morlis,Морлис,,NP:sod_rus
Morninglord,Владыка Утра,,BG1RUS-EET
Morsk,Морск,,NP:sod_rus
Morvin,Морвин,,BG1RUS-EET
Mosela,Мозелы,,NP:sod_rus
Mouthy,Болтливая,,NP:sod_rus
Mugger,Грабитель,,NP:sod_rus
Mulahey,Мулахей,,BG1RUS-EET
Munsch,Манч,,NP:sod_rus
Mutamin,Мутамин,,BG1RUS-EET
Muttonhead,Остолоп,,NP:sod_rus
Mwa,Буга,,NP:sod_rus
Myconid,миконид,,BG1RUS-EET
Myrkul,Миркул,,BG1RUS-EET
Myrleena,Мирлена,,NP:sod_rus
Myrlochar,Мирлочар,,NP:sod_rus
Myrna,Мирна,,BG1RUS-EET
Mystra,Мистра,,BG1RUS-EET
Naaman,Нааман,,BG1RUS-EET
Nabassu,Набассу,,BG1RUS-EET
Nadarin,Надарин,,BG1RUS-EET
Nahal,Нагал,,BG1RUS-EET
Najim,Наджим,,BG1RUS-EET
Nalin,Налин,,BG1RUS-EET
Namara,Намара,,BG1RUS-EET
Nantrin,Нантрин,,BG1RUS-EET
Narbucchad,Нарбукчад,,BG1RUS-EET
Narcillicus,Нарцилликус,,BG1RUS-EET
Narlen,Нарлен,,BG1RUS-EET
Nasha,Наша,,BG1RUS-EET
Nashkel,Нашкель,,BG1RUS-EET
Nathbaera,Назбаэра,,NP:sod_rus
Natter,ворчит,,NP:sod_rus
Natterer,ворчун,,NP:sod_rus
Nattering,Ворчание,,NP:sod_rus
Nazramu,Назраму,,BG1RUS-EET
Necromancy,некромантия,,BG1RUS-EET
Nederlok,Недерлок,,NP:sod_rus
Neen,Нин,,BG1RUS-EET
Neera,Нира,,BG1RUS-EET
Neers,Нирс,,NP:sod_rus
Nehi,Нехи,,NP:sod_rus
Nein,Нет,,NP:sod_rus
Neira,Нейра,,BG1RUS-EET
Nelanther,Нелантер,,BG1RUS-EET
Nelik,Нелик,,BG1RUS-EET
Nelorin,Нелорин,,BG1RUS-EET
Nemphre,Немфр,,BG1RUS-EET
Neoma,Неома,,NP:sod_rus
Neothelid,Неофелид,,NP:sod_rus
Nepenthe,Непенф,,NP:sod_rus
Nereid,Нереида,,BG1RUS-EET
Neroha,Нероха,,NP:sod_rus
Nertt,Нертт,,BG1RUS-EET
Nessa,Несса,,BG1RUS-EET
Nessie,Несси,,BG1RUS-EET
Nessus,Нессус,,NP:sod_rus
Nester,Нестер,,BG1RUS-EET
Nethalin,Неталин,,BG1RUS-EET
Netherese,нетерильский,,BG1RUS-EET
Netheril,Нетерил,,BG1RUS-EET
Netty,Нетти,,BG1RUS-EET
Neverwinter,Невервинтер,,BG1RUS-EET
Nevron,Неврон,,BG1RUS-EET
Newf,Ньюф,,BG1RUS-EET
Nexlit,Некслит,,BG1RUS-EET
Nhilvann,Нильванн,,NP:sod_rus
Niemain,Ниемайн,,BG1RUS-EET
Nightal,Найтал,,BG1RUS-EET
Nightsinger,Ночная Певица,,BG1RUS-EET
Niklos,Никлос,,BG1RUS-EET
Nila,Нила,,BG1RUS-EET
Nimblefinger,Нимблфингер,,NP:sod_rus
Nimbul,Нимбул,,BG1RUS-EET
Ninjato,ниндзя-то,,BG1RUS-EET
Nishruu,нишруу,,BG1RUS-EET
Nivek,Нивек,,BG1RUS-EET
Noober,Нубер,,BG1RUS-EET
Noralee,Норали,,BG1RUS-EET
Norheim,Норхейм,,BG1RUS-EET
Northman,северянин,,NP:sod_rus
Nortuary,Нортуарий,,BG1RUS-EET
Nosferatu,Носферату,,BG1RUS-EET
Nrgl,Нргл,,NP:sod_rus
Nuez,Нуэз,,BG1RUS-EET
Nuss,ВОЙ,,NP:sod_rus
Nyaagh,АААУЧ,,NP:sod_rus
Oaf,Болван,,NP:sod_rus
Oberan,Оберан,,BG1RUS-EET
Ocellis,Оцеллис,,BG1RUS-EET
Oddbody,Странный,,NP:sod_rus
Odess,Одесс,,NP:sod_rus
Odesseiron,Одессейрон,,NP:sod_rus
Odesseirons,Одессейронов,,NP:sod_rus
Odesserion,Одессейрон,,NP:sod_rus
Odie,Одие,,NP:sod_rus
Oghma,Огма,,BG1RUS-EET
Ogre,огр,,BG1RUS-EET
Ogreslayer,Истребитель Огров,,BG1RUS-EET
Ogrillon,огриллон,,BG1RUS-EET
Oho,Хо,,NP:sod_rus
Oloneiros,Олонейрос,,NP:sod_rus
Oloth,Олот,,BG1RUS-EET
Olvenaun,Олвенан,,NP:sod_rus
Ondiasi,Ондиаси,,NP:sod_rus
Onoroth,Онорот,,NP:sod_rus
Oogie,Уги,,BG1RUS-EET
Oopah,Упа,,BG1RUS-EET
Ophidius,Офидиус,,NP:sod_rus
Ophyllis,Офиллис,,NP:sod_rus
Orannias,Оранниас,,NP:sod_rus
Ordulin,Ордулин,,BG1RUS-EET
Ordulinian,Ордулиниан,,BG1RUS-EET
Orland,Орланд,,NP:sod_rus
Orleth,Олет,,NP:sod_rus
Ormlyr,Ормлир,,BG1RUS-EET
Orog,Орог,,NP:sod_rus
Orothair,Оротиар,,NP:sod_rus
Orothiar,Оротиар,,BG1RUS-EET
Orthan,Ортан,,BG1RUS-EET
Osmadi,Осмади,,BG1RUS-EET
Ossifier,Зачерствитель,,BG1RUS-EET
Otilda,Отильда,,NP:sod_rus
Otiluke,Отилук,,BG1RUS-EET
Otyugh,Отиуг,,NP:sod_rus
Oublek,Оублек,,BG1RUS-EET
Oulam,Оулам,,BG1RUS-EET
Overmind,Сверхразум,,NP:sod_rus
Oww,О-у,,NP:sod_rus
Owyn,Овин,,BG1RUS-EET
Painbearer,Несущего Боль,,NP:sod_rus
Paladinstar,Паладинстар,,BG1RUS-EET
Pallonia,Паллония,,BG1RUS-EET
Paralytic,Парализующий,,NP:sod_rus
Parda,Парда,,BG1RUS-EET
Pargus,Паргус,,BG1RUS-EET
Patrescus,Патреск,,NP:sod_rus
Peladan,Пеладан,,BG1RUS-EET
Peldvale,Пелдвейл,,BG1RUS-EET
Pellan,Пеллан,,BG1RUS-EET
Permidion,Пермидион,,BG1RUS-EET
Perorate,Перорейт,,BG1RUS-EET
Perren,Перрен,,NP:sod_rus
Persuasiveness,убедительность,,NP:sod_rus
Petrine,Петрин,,BG1RUS-EET
Pfah,Ха!,,NP:sod_rus
Pfaug,Пфауг,,NP:sod_rus
Pfaugh,Фуу,,NP:sod_rus
Phaersis,Фаэрсис,,BG1RUS-EET
Phaerus,Фэриус,,NP:sod_rus
Phandalyn,Фандалин,,BG1RUS-EET
Pheirkas,Фейркас,,BG1RUS-EET
Phleed,Флид,,BG1RUS-EET
Phlydia,Флидия,,BG1RUS-EET
Phossey,Фосси,,NP:sod_rus
Phylactery,филактерия,,NP:sod_rus
Piato,Пиато,,BG1RUS-EET
Piercer,Протыкатель,,NP:sod_rus
Piergeiron,Пиргейрон,,BG1RUS-EET
Pitter,Питтер,,BG1RUS-EET
Piwafwi,пивавфи,,NP:sod_rus
Planetar,планетар,,BG1RUS-EET
Plet,Плет,,BG1RUS-EET
Polv,Полв,,NP:sod_rus
Polvi,Полви,,NP:sod_rus
Popple,Поппл,,BG1RUS-EET
Porios,Пориос,,NP:sod_rus
Portalbendarwinden,Порталбендарвинден,,BG1RUS-EET
Poultices,Припарки,,NP:sod_rus
Prance,Шагай,,NP:sod_rus
Prematarai,Ещё рано. (по итальянски),,NP:sod_rus
Prin,Прин,,NP:sod_rus
Pshaw,Пф,,NP:sod_rus
Ptoo,Фуу,,NP:sod_rus
Puffguts,Толстопуз,,BG1RUS-EET
Pyrrea,Пирреа,,NP:sod_rus
Qelbelther,Келбельфер,,NP:sod_rus
Quarterstaff,боевой посох,,BG1RUS-EET
Quasit,квазит,,BG1RUS-EET
Quenash,Квенаш,,BG1RUS-EET
Questionin,Обсуждаешь,,NP:sod_rus
Quickloot,быстрый сбор,,NP:sod_rus
Quicksave,Быстрое сохр.,,NP:sod_rus
Quila,Кила,,NP:sod_rus
Quoningar,Квонингар,,BG1RUS-EET
R'gosz,Р'Госз,,NP:sod_rus
Raargh,РААР,,NP:sod_rus
Raawr,А-а-а-ар,,NP:sod_rus
Raconteur,рассказчик,,NP:sod_rus
Raeanndra,Раэнндра,,NP:sod_rus
Raemon,Раэмон,,BG1RUS-EET
Ragefast,Рагефаст,,BG1RUS-EET
Raggemos,Раггемос,,NP:sod_rus
Rahvin,Рахвин,,BG1RUS-EET
Raiken,Райкен,,BG1RUS-EET
Raizarn,Раизарн,,NP:sod_rus
Rakshasa,Ракшаса,,NP:sod_rus
Raleo,Ралео,,BG1RUS-EET
Ramazith,Рамазит,,BG1RUS-EET
Randymonk,Рендимонк,,NP:sod_rus
Rargh,Раргх,,NP:sod_rus
Rasaad,Расаад,,BG1RUS-EET
Rashemen,Рашемен,,BG1RUS-EET
Rashemi,рашеми,,NP:sod_rus
Ratchild,Крысеныш,,BG1RUS-EET
Ratty,крысик,,NP:sod_rus
Ravenscar,Воронов Шрам,,BG1RUS-EET
Ravisher,Разрушитель,,BG1RUS-EET
Ravoc,Равок,,NP:sod_rus
Rayler,Райлер,,NP:sod_rus
Rayphus,Райфус,,NP:sod_rus
Razzle,Разрази,,NP:sod_rus
Reaver,Разбойник,,NP:sod_rus
Redblooding,Проклятый,,NP:sod_rus
Rededge,Кровосток,,BG1RUS-EET
Redmoons,Редмунс,,NP:sod_rus
Redwater,Красные Воды,,BG1RUS-EET
Reevor,Ривор,,BG1RUS-EET
Reinss,Рейнсс,,NP:sod_rus
Relair,Рилейр,,BG1RUS-EET
Reliquary,Реликварий,,NP:sod_rus
Rend,Ренд,,NP:sod_rus
Rendahl,Рендал,,NP:sod_rus
Resar,Ресар,,BG1RUS-EET
Rett,Точно,,NP:sod_rus
Rezdan,Рездан,,BG1RUS-EET
Rhayla,Райла,,NP:sod_rus
Rhian,Риан,,BG1RUS-EET
Rhigaerd,Ригерд,,BG1RUS-EET
Rhon,Рон,,NP:sod_rus
Rhynwis,Ринвис,,NP:sod_rus
Rhyte,Райт,,BG1RUS-EET
Ribald,Рибальд,,BG1RUS-EET
Rieltar,Риелтар,,BG1RUS-EET
Rigah,Ригах,,NP:sod_rus
Riggilo,Риггило,,BG1RUS-EET
Rill,Рилл,,BG1RUS-EET
Rillifane,Риллифейн,,NP:sod_rus
Rilsa,Рилса,,BG1RUS-EET
Rinnie,Ринни,,BG1RUS-EET
Rishthishaa,Риштишаа,,NP:sod_rus
Risling,Рислинг,,BG1RUS-EET
Roaringham,Роарингем,,BG1RUS-EET
Roaringhorn,Роринхорн,,BG1RUS-EET
Roark,Роарк,,NP:sod_rus
Robel,Робель,,NP:sod_rus
Rodnim,Родним,,BG1RUS-EET
Rogdok,Рогдок,,BG1RUS-EET
Rohma,Рохма,,NP:sod_rus
Rolff,Рольф,,NP:sod_rus
Roly,ванька-встанька,,NP:sod_rus
Rosena,Розена,,BG1RUS-EET
Rotarran,Ротарран,,NP:sod_rus
Rousers,Нарушители,,NP:sod_rus
Royo,Ройо,,NP:sod_rus
Ruffie,Руффи,,BG1RUS-EET
Rufie,Руфи,,BG1RUS-EET
Rul,Рул,,BG1RUS-EET
Ryrrl,Рюррл,,NP:sod_rus
Saerloon,Саэрлун,,BG1RUS-EET
Safana,Сафана,,BG1RUS-EET
Sahuagin,Сахуагины,,NP:sod_rus
Sakul,Сакул,,BG1RUS-EET
Sallo,Сэлло,,NP:sod_rus
SamJohn,СэмДжон,,BG1RUS-EET
Sanadal,Санадаль,,BG1RUS-EET
Sandthief,Песочный Вор,,BG1RUS-EET
Sarevok,Саревок,,BG1RUS-EET
Sarginson,Саргинсон,,NP:sod_rus
Sarhedra,Сархедра,,BG1RUS-EET
Sarn,Дьявол побери,,NP:sod_rus
Sartessa,Сартесса,,BG1RUS-EET
Sashay,Сашей,,BG1RUS-EET
Sashenstar,Сашенстар,,BG1RUS-EET
Sath,Сат,,BG1RUS-EET
Satos,Сатос,,BG1RUS-EET
Savoring,Предвкушаю,,NP:sod_rus
Scald,Скальдом,,NP:sod_rus
Schael,Шаэль,,NP:sod_rus
Schlumpsha,Шлюмпша,,BG1RUS-EET
Schvantz,Шванс,,BG1RUS-EET
Scimitar,скимитар,,BG1RUS-EET
Scornubel,Скорнубель,,NP:sod_rus
Scrabbling,Рыться,,NP:sod_rus
Scram,Проваливай,,NP:sod_rus
Scrying,Магический,,NP:sod_rus
Seatower,Морская Башня,,BG1RUS-EET
Seawatcher,Страж Моря,,BG1RUS-EET
Seeya,До встречи,,NP:sod_rus
Selaad,Селаад,,BG1RUS-EET
Seldarine,Селдарин,,NP:sod_rus
Selgaunt,Сельгонт,,BG1RUS-EET
Selgauntian,сельгонтский,,BG1RUS-EET
Selune,Селуна,,BG1RUS-EET
Semahl,Семал,,NP:sod_rus
Semaj,Семадж,,BG1RUS-EET
Sembia,Сембия,,BG1RUS-EET
Sembian,сембийский,,BG1RUS-EET
Semmemon,Семмемон,,BG1RUS-EET
Sempek,Семпек,,NP:sod_rus
Senderin,Сендерин,,NP:sod_rus
Seniyad,Сенияд,,BG1RUS-EET
Senjak,Сенджак,,BG1RUS-EET
Sethyl,Сетил,,NP:sod_rus
Shaar,Шаар,,BG1RUS-EET
Shadowdale,Шэдоудейл,,BG1RUS-EET
Shadowdancer,Теневой танцор,,BG1RUS-EET
Shadowlord,Владыка Теней,,BG1RUS-EET
Shaella,Шаэлла,,BG1RUS-EET
Shaelle,Шаэлль,,BG1RUS-EET
Shalasin,Шаласин,,BG1RUS-EET
Shaldrissa,Шалдрисса,,BG1RUS-EET
Shallen,Шаллен,,NP:sod_rus
Shallie,Шалли,,BG1RUS-EET
Shamaness,шаманка,,NP:sod_rus
Shambling Mound,Ползущий холм,,BG1RUS-EET
Shanall,Шаналл,,BG1RUS-EET
Shandalar,Шандалар,,BG1RUS-EET
Shandon,Шандон,,BG1RUS-EET
Shantytown,трущобы,,NP:sod_rus
Shapeshifter,оборотень,,BG1RUS-EET
Shapur,Шапур,,NP:sod_rus
Shara,Шара,,BG1RUS-EET
Sharess,Шаресс,,NP:sod_rus
Sharran,Шарран,,NP:sod_rus
Shelligh,Шеллиг,,BG1RUS-EET
Shevarash,Шевараш,,NP:sod_rus
Shilmista,Шилмисты,,NP:sod_rus
Shilo,Шило,,BG1RUS-EET
Shiners,Сияющие,,NP:sod_rus
Shinies,Сияющие,,NP:sod_rus
Shinin,Сияющей,,NP:sod_rus
Shininess,Сиятельство,,NP:sod_rus
Shiningness,Сиятельство,,NP:sod_rus
Shistal,Шистал,,BG1RUS-EET
Shoogen,Шугенов,,NP:sod_rus
Shortbow,короткий лук,,BG1RUS-EET
Showmen,шоуменом,,NP:sod_rus
Shrieker,Визгун,,NP:sod_rus
Shuddup,Заткнись,,NP:sod_rus
Shvertszche,Швертзче,,BG1RUS-EET
Sickl,Сикл,,NP:sod_rus
Sigil,Сигиле,,NP:sod_rus
Silke,Силке,,BG1RUS-EET
Silvershield,Сильвершилд,,BG1RUS-EET
Silverymoon,Серебристая Луна,,BG1RUS-EET
Simmeon,Симмеон,,BG1RUS-EET
Simonetta,Симонетта,,NP:sod_rus
Simulacrum,Подобие,,BG1RUS-EET
Sindret,Синдрет,,NP:sod_rus
Sirine,сирена,,BG1RUS-EET
Siyo,Сийо,,NP:sod_rus
Skie,Скай,,BG1RUS-EET
Skullcrusher,Череподробитель,,BG1RUS-EET
Slythe,Слит,,BG1RUS-EET
Smithereens,Куски,,NP:sod_rus
Smoothskins,Гладкокожие,,NP:sod_rus
Snikt,Сникт,,BG1RUS-EET
Snorgash,Сноргаш,,NP:sod_rus
Soal,ДУША,,NP:sod_rus
Softbelcher,Софтбелчер,,NP:sod_rus
Solgen,Солген,,BG1RUS-EET
Solianna,Солианна,,BG1RUS-EET
Sonner,Соннер,,BG1RUS-EET
Soralis,Соралис,,NP:sod_rus
Sorcere,Магическая академия,,NP:sod_rus
Sorcerous,Колдовские,,NP:sod_rus
Sorcerous Sundries,Колдовские Припасы,,BG1RUS-EET
Sorrem,Соррем,,BG1RUS-EET
Sorrier,Жаль,,NP:sod_rus
Sotuk,Сотук,,NP:sod_rus
Soubar,Соубар,,NP:sod_rus
Soulherder,Собиратель душ,,NP:sod_rus
Soulla,Соулла,,NP:sod_rus
Sparkliness,Искристость,,NP:sod_rus
Spatters,Брызги,,NP:sod_rus
Spellcaster,заклинатель,,BG1RUS-EET
Spellcasters,Заклинатели,,NP:sod_rus
Spellstone,Зачарованный камень,,NP:sod_rus
Spen,Спен,,BG1RUS-EET
Spensse,Спенс,,NP:sod_rus
Sphene,Сфен,,BG1RUS-EET
Spitwrack,Спитрек,,BG1RUS-EET
Splurging Sturgeon,Игривый Осётр,,BG1RUS-EET
Sprat,Спрэт,,BG1RUS-EET
Squeakum,Писклявый,,NP:sod_rus
Stablehand,Крепкорукая,,BG1RUS-EET
Stalia,Сталия,,NP:sod_rus
Steadyhammer,Верный Молот,,BG1RUS-EET
Steadyhand,Вернорукий,,NP:sod_rus
Steeling,Укрепляю,,NP:sod_rus
Stiffed,Запихнула,,NP:sod_rus
Stlarnin,грёбаная,,NP:sod_rus
Stoneblade,Закаменевший Клинок,,BG1RUS-EET
Stonebreaker,Сокрушитель Камней,,BG1RUS-EET
Stonehand,Стоунхэнд,,NP:sod_rus
Stoneskin,Каменная кожа,,BG1RUS-EET
Stormlord,Владыка Бурь,,NP:sod_rus
Streetwise,Бывалый,,NP:sod_rus
Strunk,Странк,,NP:sod_rus
Stumfel,Штумфель,,NP:sod_rus
Stupefier,Ошеломитель,,BG1RUS-EET
Stysich,Стайсич,,NP:sod_rus
Suldanessellar,Сулданесселлар,,BG1RUS-EET
Suncatcher,Витраж,,NP:sod_rus
Sundermaul,Кувалда Раскола,,NP:sod_rus
Sundrah,Сундрах,,BG1RUS-EET
Sundries,Припасы,,NP:sod_rus
Sune,Суна,,BG1RUS-EET
Sunin,Сунин,,BG1RUS-EET
Sunspeaker,Говорящий с Солнцем,,NP:sod_rus
Surkh,Сурх,,BG1RUS-EET
Suryris,Суририс,,BG1RUS-EET
Susret,Сусрет,,BG1RUS-EET
Svenson,Свенсон,,BG1RUS-EET
Svirfneblin,Свирфнеблин,,NP:sod_rus
Svlast,Свласт,,BG1RUS-EET
Swashbuckler,головорез,,BG1RUS-EET
Swhat,что,,NP:sod_rus
Swiftfootsdottir,Свифтфутсдоттир,,NP:sod_rus
Sybarr,Сибарра,,BG1RUS-EET
Taerom,Таэром,,BG1RUS-EET
Taield,Тайелд,,NP:sod_rus
Taig,Тайг,,NP:sod_rus
Tailas,Тайлас,,BG1RUS-EET
Takiyah,Такийя,,BG1RUS-EET
Takkok,Таккок,,BG1RUS-EET
Takos,Такос,,NP:sod_rus
Talana,Талана,,BG1RUS-EET
Talhund,Талхунда,,NP:sod_rus
Talona,Талоны,,NP:sod_rus
Talos,Талос,,BG1RUS-EET
Taloun,Талоун,,BG1RUS-EET
Tamah,Тамах,,BG1RUS-EET
Tamoko,Тамоко,,BG1RUS-EET
Tanagyr,Танагир,,BG1RUS-EET
Tankard,кружка,,NP:sod_rus
Tanorm,Танорм,,NP:sod_rus
Tanova,Танова,,BG1RUS-EET
Taralon,Таралон,,BG1RUS-EET
Taris,Тарис,,BG1RUS-EET
Tarloc,Тарлок,,BG1RUS-EET
Tarnesh,Тарнеш,,BG1RUS-EET
Tarnor,Тарнор,,BG1RUS-EET
Tars,Тар,,BG1RUS-EET
Tarsakh,Тарсак,,BG1RUS-EET
Tartusse,Тартусс,,BG1RUS-EET
Taryl,Тэрил,,NP:sod_rus
Tasloi,таслой,,BG1RUS-EET
Taurgosz,Таургоз,,BG1RUS-EET
Tawdry,Безвкусное,,NP:sod_rus
Taxek,Таксек,,BG1RUS-EET
Tazok,Тазок,,BG1RUS-EET
Tcha,Точно,,NP:sod_rus
Tchazar,Чазар,,BG1RUS-EET
Teel,Тил,,BG1RUS-EET
Teera,Тира,,NP:sod_rus
Telbar,Тельбар,,BG1RUS-EET
Telekinesis,Телекинез,,NP:sod_rus
Teleria,Телерия,,NP:sod_rus
Telka,Телька,,BG1RUS-EET
Tellan,Теллан,,BG1RUS-EET
Telman,Тельман,,BG1RUS-EET
Tempus,Темпус,,BG1RUS-EET
Tenhammer,Размолотивший,,BG1RUS-EET
Tenhevich,Тенхович,,BG1RUS-EET
Tenser,Тенсер,,BG1RUS-EET
Tenya,Тения,,BG1RUS-EET
Tersus,Терсус,,BG1RUS-EET
Tessilan,Тессилан,,BG1RUS-EET
Teth,Тет,,NP:sod_rus
Tethtoril,Тетторил,,BG1RUS-EET
Tethyr,Тетир,,BG1RUS-EET
Teven,Тевен,,BG1RUS-EET
Teyngan,Тейнган,,BG1RUS-EET
Thaird,Фаирд,,NP:sod_rus
Thalantyr,Талантир,,BG1RUS-EET
Thaldorn,Талдорн,,BG1RUS-EET
Thann,Танн,,BG1RUS-EET
Tharantis,Тарантис,,NP:sod_rus
Thardek,Тардек,,BG1RUS-EET
Thasz,Тхаз,,NP:sod_rus
Thay,Тэй,,BG1RUS-EET
Thayan,тэйский,,BG1RUS-EET
Thayans,Тэйцы,,NP:sod_rus
Thees,Фы,,NP:sod_rus
Theodon,Теодон,,BG1RUS-EET
Theodosia,Феодосия,,NP:sod_rus
Therella,Терелла,,BG1RUS-EET
Therli,Тхерли,,NP:sod_rus
Therren,Террен,,NP:sod_rus
Therton,Тертон,,NP:sod_rus
Thespia,Теспия,,BG1RUS-EET
Thirrim,Тиррим,,NP:sod_rus
Thralls,Рабы,,NP:sod_rus
Thresher,Молотильщик,,BG1RUS-EET
Thrix,Трикс,,NP:sod_rus
Thuhnch,Тхуч,,NP:sod_rus
Thuibuld,Туйбулд,,BG1RUS-EET
Thunderaxe,Молниеносный Топор,,BG1RUS-EET
Thunderhammer,Грохочущий Молот,,BG1RUS-EET
Thurm,Турм,,BG1RUS-EET
Tianna,Тианна,,NP:sod_rus
Tiax,Тиакс,,BG1RUS-EET
Tiefling,тифлинг,,BG1RUS-EET
Tinbasher,Тинбашер,,NP:sod_rus
Tinderbox,Трутница,,NP:sod_rus
Tipian,Типиан,,BG1RUS-EET
ToB,ToB,,NP:sod_rus
Tobyn,Тобин,,BG1RUS-EET
Tofufruit,фрукты тофу,,BG1RUS-EET
Toglah,Тоглах,,BG1RUS-EET
Tolan,Толан,,BG1RUS-EET
Tolerably,Довольно,,NP:sod_rus
Tollar,Толлар,,BG1RUS-EET
Tommen,Томмен,,NP:sod_rus
Tongueblister,Тоунгблистер,,NP:sod_rus
Tonquin,Тонквин,,BG1RUS-EET
Toril,Торил,,BG1RUS-EET
Torlo,Торло,,BG1RUS-EET
Torm,Торм,,NP:sod_rus
Torsin,Торсин,,NP:sod_rus
Tracea,Трацея,,BG1RUS-EET
Tralithan,Тралитан,,BG1RUS-EET
Tranion,Транион,,BG1RUS-EET
Transmuter,преобразователь,,BG1RUS-EET
Tranzig,Транциг,,BG1RUS-EET
Travenhurst,Травенхерст,,BG1RUS-EET
Treacle,Трикл,,BG1RUS-EET
Treant,тренд,,NP:sod_rus
Tremain,Тремайн,,BG1RUS-EET
Trespasser,Преступник,,NP:sod_rus
Triadore,Триадор,,BG1RUS-EET
Tristian,Тристиан,,NP:sod_rus
Trollbark,Троллбаркский,,NP:sod_rus
Trollblood,Кровь тролля,,NP:sod_rus
Trollkiller,Убийца Троллей,,BG1RUS-EET
Trollop,Шлюха,,NP:sod_rus
Troubadours,Трубадуры,,NP:sod_rus
Tsoct,Тсокт,,BG1RUS-EET
Tsolak,Цолак,,NP:sod_rus
Turalynn,Таралинн,,NP:sod_rus
Turan,Туран,,NP:sod_rus
Turdiform,Деряба,,NP:sod_rus
Turlang,Турланг,,BG1RUS-EET
Tuth,Тут,,BG1RUS-EET
Twoedged,Туэджд,,NP:sod_rus
Tyla,Тила,,BG1RUS-EET
Tyle,Тайл,,NP:sod_rus
Tymora,Тимора,,BG1RUS-EET
Tzu-Zan,Тзу-Зан,,BG1RUS-EET
Uktar,Уктар,,BG1RUS-EET
Ulbright,Улбрайт,,BG1RUS-EET
Ulcaster,Улкастер,,BG1RUS-EET
Ulgarth,Улгарт,,BG1RUS-EET
Ulgoth's Beard,Борода Улгота,,BG1RUS-EET
Ulori,Улори,,NP:sod_rus
Ulraunt,Улраунт,,BG1RUS-EET
Ulu,Улу,,NP:sod_rus
Ulvana,Ульвана,,NP:sod_rus
Umber Hulk,Бурый увалень,,BG1RUS-EET
Umberlee,Амберли,,BG1RUS-EET
Umbral,Теневого,,NP:sod_rus
Unburden,Давай,,NP:sod_rus
Uncursed,Бывший проклятый,,NP:sod_rus
Undeath,Нежить,,NP:sod_rus
Undercellar,Подполье,,BG1RUS-EET
Undercity,Подземный Город,,BG1RUS-EET
Underdark,Андердарк,,BG1RUS-EET
Undermountain,Подгорье,,BG1RUS-EET
Unsheathe,Извлеки,,NP:sod_rus
Unshey,Уншей,,BG1RUS-EET
Unsleeping Eye,Недремлющее Око,,BG1RUS-EET
Untbril,Унтбрил,,NP:sod_rus
Urnst,Урнст,,BG1RUS-EET
Urold,Уролд,,NP:sod_rus
Uthgardt,Утгардт,,BG1RUS-EET
Utor,Утор,,BG1RUS-EET
Uxley,Уксли,,NP:sod_rus
Vaasa,Ваасе,,NP:sod_rus
Valinor,Валинор,,BG1RUS-EET
Valis,Валис,,NP:sod_rus
Valkur,Валкур,,BG1RUS-EET
Valsharess,Валшаресс,,NP:sod_rus
Vaprak,Вапрак,,NP:sod_rus
Varahl,Варал,,NP:sod_rus
Varci,Варси,,BG1RUS-EET
Varlets,Мошенники,,NP:sod_rus
Varscona,Варскона,,BG1RUS-EET
Vay-ya,Вай-йя,,BG1RUS-EET
Vedaust,Обязательно,,NP:sod_rus
Velsharoon,Велшарун,,NP:sod_rus
Vend,Венд,,BG1RUS-EET
Vendar,Вендара,,BG1RUS-EET
Venkt,Венкт,,BG1RUS-EET
Vergadain,Вергадейн,,NP:sod_rus
Verling,Верлинг,,BG1RUS-EET
Vessanal,Вессанал,,NP:sod_rus
Vexation,Досада,,NP:sod_rus
Vicci,Викки,,NP:sod_rus
Vichand,Вичанд,,NP:sod_rus
Viconia,Викония,,BG1RUS-EET
Vidyadhar,Видядхар,,NP:sod_rus
Vigilants,Вигиланты,,NP:sod_rus
Vissilithysmee,Виссилитисми,,BG1RUS-EET
Vitiare,Витиар,,BG1RUS-EET
Voadikka,Воадикка,,BG1RUS-EET
Vocalize,Озвучивание,,BG1RUS-EET
Vog,Вог,,NP:sod_rus
Voghiln,Вогильн,,NP:sod_rus
Voghilns,Вогильны,,NP:sod_rus
Voidhammer,Молот Пустоты,,NP:sod_rus
Voidstone,Камень пустоты,,NP:sod_rus
Voidsword,Меч Пустоты,,NP:sod_rus
Voleta,Волета,,BG1RUS-EET
Volo,Воло,,BG1RUS-EET
Volothamp,Волотамп,,BG1RUS-EET
Voltinabulai,Волтинабулаи,,BG1RUS-EET
Voltine,Волтин,,BG1RUS-EET
Vot,Что,,NP:sod_rus
Vott,Вотт,,NP:sod_rus
Waizahb,Вайзаб,,NP:sod_rus
Wakizashi,вакизаши,,BG1RUS-EET
Wallen,Валлен,,BG1RUS-EET
Wardstone,охранный камень,,BG1RUS-EET
Warleader,Предводитель,,NP:sod_rus
Warmage,Боевой маг,,NP:sod_rus
Warmages,Боевые маги,,NP:sod_rus
Warpriest,боевой жрец,,NP:sod_rus
Warrens,Лабиринт,,NP:sod_rus
Watat,Ватат,,BG1RUS-EET
Waterdeep,Вотердип,,BG1RUS-EET
Waterdhavian,вотердипский,,BG1RUS-EET
Waterdhavians,вотердипцы,,NP:sod_rus
Waterstar,водяная звезда,,BG1RUS-EET
Waukeen,Вокин,,NP:sod_rus
Waveservant,Слуга Волн,,BG1RUS-EET
Weesha,Виши,,NP:sod_rus
Wellsy,Уэлси,,NP:sod_rus
Wenric,Венрик,,BG1RUS-EET
Werebane,Погибель Оборотней,,BG1RUS-EET
Wererat,Крыса-оборотень,,NP:sod_rus
Wessel,Вессел,,NP:sod_rus
Whaddya,Что,,NP:sod_rus
Whatta,Что,,NP:sod_rus
Wheber,Вебер,,BG1RUS-EET
Whitever,Всё,,NP:sod_rus
Whozzisname,Кажется,,NP:sod_rus
Whud,Что,,NP:sod_rus
Whut,Чё,,NP:sod_rus
Whuzzis,Кого,,NP:sod_rus
Wicuf,Викуф,,NP:sod_rus
Widowmaker,Вдоводел,,BG1RUS-EET
Wilch,Вилч,,NP:sod_rus
Wilf,Вильф,,BG1RUS-EET
Windin,Извилистой,,NP:sod_rus
Windspear,Виндспир,,BG1RUS-EET
Wineskin,бурдюк,,NP:sod_rus
Winski,Вински,,BG1RUS-EET
Wirthing,Виртинг,,BG1RUS-EET
Wisham,Вишам,,BG1RUS-EET
Wistak,Вистак,,NP:sod_rus
Wiven,Вивен,,BG1RUS-EET
Wizzard,Волшебник,,NP:sod_rus
Wolfsbane,Волчий корень,,BG1RUS-EET
Wolfwere,вольфвер,,BG1RUS-EET
Wonderbringer,Чудотворец,,BG1RUS-EET
Worg,ворг,,BG1RUS-EET
Woris,Ворис,,NP:sod_rus
Wormgums,Червеслизни,,NP:sod_rus
Wraithform,Призрачная форма,,BG1RUS-EET
Wudei,Вудей,,BG1RUS-EET
Wulfhunter,Истребитель Волков,,BG1RUS-EET
Wychlaran,Вичларан,,BG1RUS-EET
Wylliam,Вильям,,BG1RUS-EET
Wynan,Уинан,,NP:sod_rus
Wyrm,змий,,BG1RUS-EET
Wyrmling,дракончик-альбинос,,NP:sod_rus
Wyrmlings,дракончики-альбиносы,,NP:sod_rus
Wyrms,Виверн,,NP:sod_rus
Wyvern,виверна,,BG1RUS-EET
Xan,Ксан,,BG1RUS-EET
Xarrnous,Кзаррнус,,BG1RUS-EET
Xerra,Зирра,,NP:sod_rus
Xhost,Ксот,,NP:sod_rus
Xithiss,Кситисс,,BG1RUS-EET
Xun,Ксун,,NP:sod_rus
Xvart,ксварт,,BG1RUS-EET
Xylophone,Ксилофон,,NP:sod_rus
Xzar,Кзар,,BG1RUS-EET
Yaagh,Аааа,,NP:sod_rus
Yaah,А-а-а,,NP:sod_rus
Yago,Яго,,BG1RUS-EET
Yaiee,ЙАЙ,,NP:sod_rus
Yammering,Ныть,,NP:sod_rus
Yarok,Ярок,,NP:sod_rus
Yashna,Яшна,,NP:sod_rus
Yerso,Йерсо,,BG1RUS-EET
Yeslick,Йеслик,,BG1RUS-EET
Yestimell,Йестимелл,,NP:sod_rus
Ymori,Юмори,,NP:sod_rus
Yondalla,Йондалла,,BG1RUS-EET
Yoshimo,Йошимо,,BG1RUS-EET
Yossten,Йосстена,,NP:sod_rus
Yspank,Испанк,,BG1RUS-EET
Ysseth,Иссет,,NP:sod_rus
Zagan,Заган,,NP:sod_rus
Zah,Зах,,NP:sod_rus
Zahanzai,Заханзай,,NP:sod_rus
Zal,Зал,,BG1RUS-EET
Zanhoriloch,Занхорилоч,,NP:sod_rus
Zare,Зэйр,,NP:sod_rus
Zargal,Заргал,,BG1RUS-EET
Zari,Зари,,NP:sod_rus
Zarno,Зарно,,NP:sod_rus
Zat,Это,,NP:sod_rus
Zaviak,Завиак,,NP:sod_rus
Zeela,Зила,,BG1RUS-EET
Zekar,Зекар,,BG1RUS-EET
Zelma,Зелма,,NP:sod_rus
Zelnick,Зелник,,BG1RUS-EET
Zerihyda,Зерихида,,NP:sod_rus
Zhadroth,Жадрот,,NP:sod_rus
Zhalimar,Залимар,,BG1RUS-EET
Zhent,зентиец,,BG1RUS-EET
Zhentarim,Зентарим,,BG1RUS-EET
Zhentil,Зентил,,BG1RUS-EET
Zhentish,зентаримский,,BG1RUS-EET
Zhurlong,Журлонг,,BG1RUS-EET
Ziatar,Зиатар,,NP:sod_rus
Zidrand,Зидранд,,NP:sod_rus
Ziose,зиос,,BG1RUS-EET
Zordral,Зордрал,,BG1RUS-EET
Zorl,Зорл,,BG1RUS-EET
Zug,Вжик,,NP:sod_rus
Zulkir,Зулкир,,BG1RUS-EET
Zustrin,Застрин,,NP:sod_rus
